nome,cnpj_cpf,email,telefone,endereco,cidade,estado,tipo
VALDILEIA SOARES MENDES BEZERRA,18.686.092/0001-70,valdileiasoares923@gmail.com,,RUA DOM LUIZ ORIONE, QD 23, 26 , CENTRO,Sampaio,TO,MEI
EDNALVA BATISTA DA SILVA,30.380.894/0001-18,ednabatistsilva79@gmail.com,,RUA CICERO FRANCISCO DE ARAÚJO, 35 SALA COMERCIAL BOA SORTE,Augustinópolis,TO,MEI
VITOR DANILO SANTANA REIS COSTA,35.154.374/0001-46,vitordanilonlks@gmail.com,,QUADRA ARSE I22 ALAMEDA 35, 07 , PLANO DIRETOR SUL,Palmos,TO,MEI
SIDNEY OLIVEIRA SILVA,36.035.294/0001-34,SOSCONSULTORIAESSERVICOS2020@GMAIL.COM,,RUA JOAO PAULO II 133 , CENTRO,Buriti do Tocantins,TO,MEI
FRANCISCO DAS CHAGAS ALVES FRAGA,41.328.827/0001-06,franciscoz3@gmail.com,,12A RUA RUA DOM VITAL 306 CASA, CENTRO,Augustinópolis,TO,MEI
RENILDE ALMEIDA DE SANTANA RODRIGUES,42.995.139/0001-18,thioneontador10@gmail.com,,RUA SANTOS DUMONT, 46 , CENTRO,Augustinópolis,TO,MEI
JONAS FERNANDES COSTA,45.482.272/0001-03,gjrefrigaracao11@gmail.com,,RUA RUA PRINCIPAL, 05 , ITAÚBA,Augustinópolis,TO,MEI
ELAINE CASTRO FEITOSA SILVA,49.823.880/0001-95,,63 99964-0305,RUA HELENA MARINHO, S/N SALA COMERCIAL PARQUE DAS ESTRELAS,Sampaio,TO,MEI
JOSEMAUR DA CONCEICAO OLIVEIRA,49.875.411/0001-10,Josemaur45@gmail.com,,RUA JDYY547897@GMAIL.COM, 343 SALA COMERCIAL VILA NOVA,Augustinópolis,TO,MEI
JAIRO DE ABREU TEIXEIRA,50.132.884/0001-06,jairoabreu@gmail.com,,10A AVENIDA BENJAMIN CONSTANT, 1I8 , CENTRO,Praia Norte,TO,MEI
DOMINGOS ALVES VIANA,52.471.693/0001-92,domingosviana@gmail.com,,QUADRA ARSQ 111 ALAMEDA 3, 5 N , PLANO DIRETOR SUL,Palmos,TO,MEI
,52690438000142,arorugualiolcite@gmail.com,,rua bartolomeu bueno da silva, 1375 , nova arogutaina,Arogutaina,TO,MEI
JEONE PEREIRA DE SOUSA,53.148.781/0001-22,JEONEF5@ICLOUD.COM,,AVENIDA ALAGOAS, 178 SALA COMERCIAL, CENTRO,Augustinópolis,TO,MEI
WAGNER PEREIRA REGES,54.080.272/0001-78,CONTABILIDADEDVALE@HOTMAIL.COM,,AVENIDA DA ESPERANCA, 230 , DOM AVELAR,Petrolina,TO,MEI
KIESSANY CHAVES DA COSTA,54.360.531/0001-14,kiessony@gmail.com,,10A RUA MANOEL MATOS, 868 , CENTRO,Sampaio,TO,MEI
