nome,email,telefone,endereco,cidade,estado
VALDEIRA SOARES MENDES BEZERRA,valdeisoares823@gmail.com,,RUA DOM LUIZ ORIONE QD 23 26 CENTRO,Sampaio,TO
EDNALYSA BATISTA DA SILVA,ednabatista19@gmail.com,,RUA CICERO FRANCISCO DE ARAUJO 35 SALA COMERCIAL BOA SORTE,Augustinópolis,TO
VITOR DANILO SANTANA REIS COSTA,vitorandantanair@gmail.com,,QUADRA ARSE 122 ALAMEDA 35 D7 PLANO DIRETOR SUL,Palmas,TO
SIDNEY OLIVEIRA SILVA,SOSCONSULTORIASERVIÇOS220@GMAIL.COM,,RUA JOAO PAULO II 133 CENTRO,Buriti do Tocantins,TO
FRANCISCO DAS CHAGAS ALVES FRAGA,francisco123@gmail.com,,IZA RUA RUA DOM VITAL 306 CASA CENTRO,Augustinópolis,TO
BENILDE ALMEIDA DE SANTANA RODRIGUES,thiarocontabil@gmail.com,,RUA SANTOS DUMONT 46 CENTRO,Augustinópolis,TO
JONAS FERNANDES COSTA,grefigencao.r1@gmail.com,,RUA RUA PRINCIPAL 05 ITAUBA,Augustinópolis,TO
ELAINE CASTRO FEITOSA SILVA,,(63) 99964-0305,RUA HELENA MARINHO S/N SALA COMERCIAL PARQUE DAS ESTRELAS,Palmas,TO
JOSEMAR DA CONCEIÇÃO OLIVEIRA,josemar48@gmail.com,,RUA JOY968789@GMAIL.COM 343 SALA COMERCIAL VILA NOVA,Augustinópolis,TO
JARIO DE ABREU TEIXEIRA,jariobreu@gmail.com,,IOA AVENIDA BENJAMIN CONSTANT 88 CENTRO,Praia Norte,TO
DOMINGOS ALVES VIANA,domingosviana@gmail.com,,QUADRA ARSO III ALAMEDA 3 S/N PLANO DIRETOR SUL,Palmas,TO
JEONE PEREIRA DE SOUSA,JEONEPSPICLOAD.COM,,AVENIDA ALAGOAS 178 SALA COMERCIAL CENTRO,Augustinópolis,TO
WAGNER PEREIRA REGES,CONTABILIDADEVALE@HOTMAIL.COM,,AVENIDA DA ESPERANÇA 230 DOM AVLAR,Pernambuco,PE
KLESSANY CHAVES DA COSTA,klessany@gmail.com,,IDA RUA MANOEL MATOS 868 CENTRO,Sampaio,TO
SADRACH SOARES DA SILVA,YURLD.MARJZ@GMAIL.COM,,Rua Tancredo Neves 500 casa B Centro,Buriti do Tocantins,TO
FERNANDO FRANCISCO PEREIRA DA SILVA,silva08fernando@gmail.com,,Rua Manoel Matos Centro,Sampaio,TO
MIKAEL APARECIDO PEIXOTO,mikaelpaciog@gmail.com,,RUA 08 12 CASA JARDIM AURELY IY,Palmas,TO
ROSINEDE PEREIRA DA SILVA,rosineidepereira@gmail.com,,Rua Tancredo Neves Qd 44 Lt 30 CENTRO,Sampaio,TO
ERICK HOWICK MARINHO SANTOS,enowick897@gmail.com,,R TANCRIDO NEVES CENTRO,Sampaio,TO
wellington brito melo,wellington222@gmail.com,,rua nossa senhora dos graças s/n centro,Sampaio,TO
WEMERSON BRAZ BARBOSA,wemerson.to@gmail.com,,Rua Anicuta S/N Centro,Augustinópolis,TO
WENDEL CARNEIRO DA SILVA,Wendelsilva23@gmail.com,,AVENIDA GOIAS 391 SALA A CENTRO,Augustinópolis,TO
WILSON GOMES DA SILVA,wilson.silva.missao@gmail.com,,RUA ADÃO GAMA S/N BAIRRO BOA VISTA,Sampaio,TO
WPP - COMERCIO DE MOTOS LTDA,wppcomercio@gmail.com,,TRAVESSA PADRE EUTIQUIO 800 CAMPINA,Belém,PA
XP CONTABILIDADE PUBLICA E ASSESSORIA MUNICIPAL,ADRIYANN@HOTMAIL.COM,,QUADRA ACSU 50 20 201 SUL AVENIDA JOAQUIM TEOTONIO SEGURADO,Palmas,TO
Yifma abreu britto,yifmaabreu23@gmail.com,,rua presidente getúlio varga 358 centro,Sampaio,TO
YURI DE SOUZA MARIZ SOARES,yuri.di.mariz@gmail.com,,AVENIDA Rua Novo Horizonte 1388 Centro,Buriti do Tocantins,TO
UNIMARGAS DISTRIBUICAO E COMERCIO LTDA,unimarcos23@gmail.com,,RUA DAS MAGNOLIAS SN QUADRA7 LOTE 3 PARQUE PRIMAVERA,Aparecida de Goiânia,GO
UNIVERSAL PRINT COMERCIO E SERVICOS DE INFORMATICA LTDA,universalprint@hotmail.com,(63) 9202-3818,R I De Janeiro 850 Lote IO Quadrafó Centro,Araguaina,TO
UTILPECAS SERVICE LTDA,UTILPECASSERVICE@HOTMAIL.COM,,PRACA LINO TEIXEIRA 156 ENTONCAMENTO,Imperatriz,MA
V G S CONSTRUCOES LTDA,samtuconstucoes@hotmail.com,,RUA DOM PEDRO I 555 SANTA RITA,Augustinópolis,TO
V. S. COSTA & CIA LTDA,VSCOSTA@VSCOSTA.COM.BR,,RUA FRANCISCO 89 TERREO VILA NOVA,Paraná,PR
VALDENICE SIQUEIRA DODÓ FERRAIS GOMES,mercantilcomerciog@yahoo.com.br,,Rua São Bento nr 12 Bairro Imperatriz,Imperatriz,MA
VALDENICE SIQUEIRA DODÓ FERRAIS GOMES,valdenice@gmail.com,,Rua São Bento 12 Bairro Imperatriz,Imperatriz,MA
VALDENICE SIQUEIRA DODÓ FERRAIS GOMES,mercantilcomerciog@yahoo.com.br,,Rua São Bento 12 Novo Imperatriz,Imperatriz,MA
VALDONEZ A ARRUDA,valdonez@gmail.com,,AVENIDA GOIAS 308B CENTRO,Augustinópolis,TO
VD CONSTRUCOES LTDA,,(63) 9913-9387,RODOVIA TO 424 KM 22 S/N ZONA RURAL,Goiaçolandia,TO
VEROS AMBIENTAL,VEROSAMBIENTAL@HOTMAIL.COM,,AVENIDA E 14/O QUADRA/29 A LOTE I SALA 804,Goiania,GO
VERTICE CONSTRUCOES E SERVICOS LTDA,DOSCIMPRENDIMENTOS@GMAS.COM,,RUA SÃO RAIMUNDO 584 CENTRO,Turiúm,MA
VIA NACIONAL DISTRIBUIDORA LTDA,vianacionaldistribuidoraltda@gmail.com,,AV PRESIDENTE CASTELLO BRANCO 1266 SETOR BRASIL,Araguaina,TO
VITORIA FURLAN,vitoriafurlan@gmail.com,,Rua Bom Jesus S/N Centro,Sampaio,TO
VITÓRIA KAMILLE LIMA COSTA,vitoriakamille@gmail.com,,Rua Addo Gama Quadra 07 Centro,Sampaio,TO
VITÓRIA KAMILLE LIMA COSTA,vitoriakamille@gmail.com,,Rua Adão Goma Quadra 07 Centro,Sampaio,TO
W J PLANALTO COMÉRIO E SERVIÇOS LTDA,wjsportugal@hotmail.com,,Rua Tancredo Neves 09 Parque Pilanafío,Imperatriz,MA
WADA FRANCYEL FERREIRA TRINDADE,wadafrancyel@hotmail.com,,R Rua Flor Do Ype 00 Setor Aeroporto 2,Araguaina,TO
WB PRODUTOS ARTISTICOS E MUSICAS LTDA,californiashow@gmail.com,,Rua Coronel Pedro Moura 120 Vila Nova Jaguara,São Paulo,SP
WELLINGTON BRITO MELO,wellington@gmail.com,,Rua Senhora das Graças Centro,Sampaio,TO
STEFANE RIBEIRO NASCIMENTO,estefanor06@gmail.com,,Rua XV de Novembro Centro,Sampaio,TO
